video,records,frames,danger_records,danger_record_pct,danger_frames,danger_frame_pct,mean_crs,mean_proj_crs,mean_frame_max_crs,mean_frame_max_proj_crs,mean_positive_crr
Entry Corridor,44,44,33,75.0,33,75.0,0.7927363636363637,0.45522272727272733,0.7927363636363637,0.45522272727272733,41.37441860465116
Main Hall,64,64,1,1.5625,1,1.5625,0.5034640625,0.40681093749999997,0.5034640625,0.40681093749999997,19.239682539682544
Exit Plaza,54,54,5,9.25925925925926,5,9.25925925925926,0.5291277777777778,0.4106851851851851,0.5291277777777778,0.4106851851851851,21.60377358490566
