video,records,frames,danger_records,danger_record_pct,danger_frames,danger_frame_pct,mean_crs,mean_proj_crs,mean_frame_max_crs,mean_frame_max_proj_crs,mean_positive_crr
scen_a,132,44,72,54.54545454545455,36,81.81818181818181,0.6663893939393939,0.40519166666666667,0.9119545454545456,0.5402477272727274,29.451538461538462
scen_b,192,64,3,1.5625,1,1.5625,0.4915510416666667,0.38555625000000004,0.53205,0.42901874999999995,21.777368421052625
scen_c,162,54,10,6.172839506172839,5,9.25925925925926,0.4974913580246914,0.37509382716049383,0.5713018518518518,0.4272944444444444,22.759999999999998
